"Product","Commodity","Afghanistan","Albania","Algeria","Angola","Argentina","Armenia","Australia","Austria","Azerbaijan","Bahamas","Bahrain","Bangladesh","Barbados","Belarus","Belgium","Benin","Bermuda","Bolivia","Bosnia Herzegovina","Botswana","Brazil","Brunei Darussalam","Bulgaria","Burkina Faso","Cambodia","Cameroon","Canada","Cayman Isds","Chad","Chile","China","Colombia","Congo","Congo Democratic","Costa Rica","Côte d'Ivoire","Croatia","Cuba","Cyprus","Czechia","Denmark","Dominican Rep.","Ecuador","Egypt","El Salvador","Equatorial Guinea","Estonia","Ethiopia","Finland","France","Gabon","Georgia","Germany","Ghana","Greece","Guatemala","Guinea","Haiti","Honduras","Hong Kong","Hungary","Iceland","India","Indonesia","Iran","Iraq","Ireland","Israel","Italy","Jamaica","Japan","Jordan","Kazakhstan","Kenya","Kuwait","Kyrgyzstan","Laos","Latvia","Lebanon","Libya","Lithuania","Luxembourg","Macao","Madagascar","Malawi","Malaysia","Mali","Malta","Mauritania","Mauritius","Mexico","Moldova","Mongolia","Montenegro","Morocco","Mozambique","Myanmar","Namibia","Nepal","Netherlands","New Zealand","Nicaragua","Niger","Nigeria","Norway","Oman","Pakistan","Panama","Papua New Guinea","Paraguay","Peru","Philippines","Poland","Portugal","Qatar","Romania","Russia","Rwanda","Saudi Arabia","Senegal","Serbia","Singapore","Slovakia","Slovenia","South Africa","South Korea","Spain","Sri Lanka","State of Palestine","Sudan","Suriname","Swaziland","Sweden","Switzerland","Tajikistan","Tanzania","TFYR of Macedonia","Thailand","Timor-Leste","Togo","Trinidad and Tobago","Tunisia","Turkey","Turkmenistan","UAE","Uganda","Ukraine","United Kingdom","Uruguay","USA","Uzbekistan","Venezuela","Vietnam","World","Yemen","Zambia","Zimbabwe"
27861,"Granulated slag (slag sand) from the manufacture of iron/steel",0,0,0,0,0,0,0,0,0,0,0,0,0,0,0,0,0,0,0,0,0,0,0,0,0,0,0,0,0,0,0,0,0,0,0,0,0,0,0,0,0,0,0,0,0,0,0,0,0,0,0,0,0,0,0,0,0,0,0,0,0,0,0,0,0,0,0,0,0,0,0,0,0,0,0,0,0,0,0,0,0,0,0,0,0,0,0,0,0,0,0,0,0,0,0,0,0,0,0,0,0,0,0,0,0,0,0,0,0,0,0,0,0,0,0,0,0,0,0,0,0,0,0,0,0,0,0,0,0,0,0,0,0,0,0,0,0,0,0,0,0,0,0,0,227,0,0,0,0,0,0,0,0,227,0,0,0
27862,"Slag, dross (other than granulated slag), scalings & other waste from the manufacture of iron/steel",0,0,0,0,0,0,0,0,0,0,0,0,0,0,0,0,0,0,0,0,0,0,0,0,0,0,0,0,0,0,0,0,0,0,0,0,0,0,0,0,0,0,0,0,0,0,0,0,0,0,0,0,0,0,0,0,0,0,0,0,0,0,0,0,0,0,0,0,0,0,2336375,0,0,0,0,0,0,0,0,0,17666,0,0,0,0,0,0,0,0,0,0,0,0,0,0,0,0,0,0,49174,0,0,0,0,0,0,0,0,0,0,0,0,0,0,102,0,31257,0,0,0,0,0,0,0,0,0,0,0,0,0,0,0,0,0,0,0,0,0,0,0,0,0,0,0,0,0,0,0,0,0,0,0,0,2434573,0,0,0
28231,"Waste & scrap of tinned iron/steel",0,0,0,0,0,0,0,0,0,0,215497,494882,0,0,0,0,0,0,0,0,21974,0,0,0,0,0,18969,0,0,0,17196,0,0,0,0,0,0,0,0,0,0,0,0,0,0,0,0,0,0,0,0,0,0,69305,0,0,0,0,0,0,0,0,0,0,0,0,0,0,0,0,0,0,0,0,110112,0,0,0,0,0,0,0,0,0,0,0,0,0,241451,0,0,0,0,0,0,0,0,0,0,0,0,0,0,0,0,0,0,0,0,0,0,0,0,0,0,0,0,0,0,52332,0,561353,0,0,125479,0,0,0,0,0,0,0,0,0,0,0,0,178587,0,0,0,0,0,0,630985,0,0,223286,0,18812,0,0,0,3272724,0,0,0
28233,"Remelting scrap ingots of iron/steel",0,0,0,0,0,0,0,0,0,0,0,0,0,0,0,0,0,0,0,0,0,0,0,0,0,0,0,0,0,0,0,0,0,0,0,0,0,0,0,0,0,0,0,0,0,0,0,0,0,0,0,0,0,0,0,0,0,0,0,0,0,0,0,0,0,0,0,0,0,0,0,0,0,0,0,0,0,0,0,0,0,0,0,0,0,0,0,0,0,0,0,0,0,0,0,0,0,0,0,0,0,0,0,0,0,0,0,0,0,0,0,0,0,0,0,0,529250,0,0,0,0,95791,0,0,0,0,0,0,0,0,0,0,0,0,0,0,0,169043,0,0,0,0,0,0,0,0,0,0,0,270329,0,0,0,1064413,0,0,0
52254,"Iron oxides & hydroxides; earth colours containing 70%/more by weight of combined iron evaluated as Fe203",0,0,0,0,0,0,0,777369,0,0,0,0,0,0,5522,0,0,0,0,0,0,0,0,0,0,0,0,0,0,0,16851529,189167,0,0,0,0,0,0,0,0,0,0,0,0,0,0,0,0,0,55528,0,0,6181343,0,0,0,0,0,0,4210,0,0,0,0,0,0,0,0,816887,0,1156208,0,0,0,0,0,0,0,0,0,0,0,0,0,0,25133,0,0,0,0,0,0,0,0,0,0,0,0,0,11460,0,0,0,0,8718,0,0,0,0,0,0,0,67052,0,0,8801,0,0,0,0,0,0,0,0,32311,1836861,29197,0,0,0,0,0,4618,7129,0,0,0,297,0,0,0,0,0,0,17488,0,64629,31859,0,699585,0,0,27647,29221062,0,0,0
67121,"n/a pig-iron containing by weight 0.5%/less of phosphorus",0,0,0,0,0,0,0,0,0,0,0,0,0,0,33410,0,0,0,0,0,559099,0,0,0,0,0,0,0,0,0,0,0,0,0,0,0,0,0,0,0,0,0,0,0,0,0,0,0,0,0,0,0,0,0,0,0,0,0,0,0,0,0,0,0,0,0,0,0,0,0,0,0,0,0,0,0,0,0,0,0,0,0,0,0,0,0,0,0,0,0,0,0,0,0,0,0,0,0,0,0,0,0,0,0,39321,0,0,0,0,0,0,0,0,0,0,0,1981158,0,0,0,0,31798,0,0,2501289,0,0,0,0,0,0,0,0,0,0,0,0,7142,0,0,0,0,0,0,0,0,436107,0,0,0,0,0,0,7591261,0,0,0
67122,"n/a pig-iron containing by weight > 0.5% of phosphorus",0,0,0,0,0,0,0,0,0,0,0,0,0,0,0,0,0,0,0,0,0,0,0,0,0,0,0,0,0,0,0,0,0,0,0,0,0,0,0,0,0,0,0,204971,0,0,0,0,0,0,0,0,0,0,0,0,0,0,0,0,0,0,0,540936,0,0,0,0,0,0,0,0,0,0,0,0,0,0,0,0,0,0,0,0,0,0,0,0,0,0,0,0,0,0,0,0,0,0,0,0,0,0,0,0,0,0,0,0,0,0,0,0,0,0,0,0,0,0,0,0,0,0,0,0,0,0,0,0,0,0,0,0,0,0,0,0,0,0,0,0,0,0,0,0,0,0,0,0,0,0,0,0,0,745906,0,0,0
67123,"Alloy pig-iron & spiegeleisen",0,0,0,0,0,0,0,0,0,0,0,0,0,0,0,0,0,0,0,0,817099,0,0,0,0,0,0,0,0,0,98,0,0,0,0,0,0,0,0,0,0,0,0,0,0,0,0,0,0,0,0,0,0,0,0,0,0,0,0,0,0,0,0,7039083,0,0,0,0,0,0,0,0,0,0,0,0,0,0,0,0,0,0,0,0,0,0,0,0,0,0,0,0,0,0,0,0,0,0,0,0,0,0,0,0,0,0,0,0,0,0,0,0,0,0,0,0,437630,0,0,0,0,201300,0,0,272373,0,3033,0,0,0,0,0,0,0,0,0,0,0,0,0,0,0,0,0,0,0,0,357421,0,1394,0,0,0,9129432,0,0,0
67131,"Granules of pig-iron, spiegeleisen, iron/steel",0,0,0,0,0,0,0,0,0,0,0,0,0,0,0,0,0,0,0,0,0,0,0,0,0,0,0,0,0,0,3707092,0,0,0,0,0,0,0,0,0,0,0,0,0,0,0,0,0,0,5252827,0,0,1588159,0,0,0,0,0,0,0,0,0,0,0,0,0,0,0,7271081,0,494077,0,0,0,0,0,0,0,0,0,0,0,0,0,0,0,0,0,0,0,0,0,0,0,0,0,0,0,0,0,0,0,0,0,0,0,0,0,0,0,0,0,6064,0,0,0,36405,0,0,0,0,1926,0,78582,2392675,315579,8819591,0,0,0,0,0,97596,0,0,0,0,2051320,0,0,0,0,267133,0,7208,0,880405,498336,0,76805,0,0,0,36173136,0,0,0
67132,"Powders of pig-iron, spiegeleisen, iron/steel",0,0,0,0,0,0,77,0,0,0,0,0,0,870,762415,0,0,0,0,0,0,0,0,0,0,0,2340839,0,0,0,4404236,0,0,0,0,0,0,0,0,0,526,0,0,188327,0,0,0,0,77250,317168,0,0,4904684,0,0,0,0,0,0,50343,0,0,0,0,0,0,101,0,759752,0,3786829,0,0,0,0,0,0,0,0,0,0,0,0,0,0,0,0,0,0,0,0,0,0,0,0,0,0,0,0,136186,0,0,0,0,0,0,0,0,0,0,0,0,0,0,0,1266330,45710,0,0,0,0,414091,0,0,27288,0,1351100,0,0,0,0,0,9466201,0,0,0,0,158937,0,0,0,0,0,0,337,0,0,4982504,0,6006744,0,0,0,41448847,0,0,0
67133,"Ferrous products obtained by direct reduction of iron ore & other spongy ferrous products, in lumps, pellets/similar forms; iron having a minimum purity of 99.94%, in lumps, pellets/similar forms",0,0,0,0,0,0,0,0,0,0,1859637,0,0,0,0,0,0,0,0,0,0,0,0,0,0,0,0,0,0,0,96,0,0,0,0,0,0,0,0,0,0,0,0,0,0,0,0,0,0,0,0,0,22918,0,0,0,0,0,0,0,0,0,0,0,0,0,0,0,0,0,0,0,0,0,0,0,0,0,0,0,0,0,0,0,0,0,0,0,0,0,0,0,0,0,0,0,0,0,0,0,0,0,0,0,0,24862629,0,0,0,0,0,0,0,0,0,0,7110654,0,694458,0,0,0,0,0,0,0,0,0,0,0,0,0,190728,0,0,0,0,0,0,0,0,0,0,0,19211764,0,0,0,0,809,0,0,0,53953691,0,0,0
67241,"Ingots of iron (other than iron of heading 671.33)/non-alloy steel",0,0,0,0,0,0,0,0,0,0,0,0,0,0,0,0,0,0,0,0,0,0,0,0,0,0,0,0,0,0,19212,0,0,0,0,0,0,0,0,0,0,0,0,0,0,0,0,0,0,0,0,0,132,0,0,0,0,0,0,0,0,0,0,0,0,0,0,0,649133,0,0,0,0,0,0,0,0,0,0,0,0,0,0,0,0,29301,0,0,0,0,0,0,0,0,0,0,0,0,0,0,0,0,75010,1334595,0,0,0,0,0,0,0,0,0,0,0,0,0,0,0,0,0,0,0,0,0,0,28013,0,0,0,0,0,0,426,0,0,0,0,0,0,0,0,0,0,0,0,362226,69267,0,211872,0,0,0,2807417,0,0,0
67245,"Other primary forms of iron (other than iron of heading 671.33)/non-alloy steel.",0,0,0,0,0,0,0,0,0,0,0,0,0,0,0,0,0,0,0,0,0,0,0,0,0,0,1440,0,0,0,5395,0,0,0,0,0,0,0,0,139,0,0,0,0,0,0,0,0,0,0,0,0,0,0,0,0,0,0,0,0,0,0,0,0,0,0,0,0,0,0,72245,0,0,0,0,0,0,0,0,0,0,0,0,0,0,0,0,0,0,0,0,0,0,0,0,0,0,0,0,0,0,0,0,0,0,0,0,0,0,0,0,0,0,0,0,0,0,0,0,0,0,621,0,0,0,0,0,0,0,0,0,0,0,0,0,0,0,245,0,0,0,0,0,0,0,0,0,484,0,362333,0,0,0,442902,0,0,0
67611,"Bars & rods, hot-rolled, in irregularly wound coils, of iron or steel, of iron/non-alloy steel, containing indentations, ribs, grooves/other deformations produced during the rolling process",0,0,0,0,0,0,0,12126,0,0,0,0,0,0,0,0,0,0,0,0,0,0,0,0,0,0,266158,0,0,0,713596,0,0,0,0,0,0,0,0,0,0,0,0,0,0,0,0,0,0,0,0,0,1281889,0,0,0,0,0,0,0,0,0,0,0,0,0,0,0,0,0,20081,0,0,0,0,0,0,0,0,0,0,0,0,0,0,0,0,0,0,0,0,0,0,0,0,0,0,0,0,63665,0,0,0,0,0,0,0,0,0,0,0,0,0,0,0,0,0,0,0,0,0,0,0,0,0,39943,89878,0,0,0,0,0,0,42137,0,0,0,84962,0,0,0,0,0,0,0,0,14528,364952,0,17178,0,0,0,3011093,0,0,0
67619,"Bars & rods, hot-rolled, in irregularly wound coils, of iron/steel, of iron/other alloy & non-alloy steel, n.e.s.",0,0,0,0,0,0,438,652408,0,0,0,85469,0,0,339921,0,0,0,0,0,0,0,0,0,0,0,949803,0,0,0,325873014,0,0,0,0,0,0,0,0,570,1131,0,0,0,0,0,0,0,0,5754708,0,0,8279560,0,0,0,0,0,0,1444,0,0,0,0,0,0,0,0,337173,0,20542029,0,0,0,0,0,0,0,0,0,0,0,0,0,0,0,0,0,0,0,0,0,0,0,0,0,0,0,0,252340,0,0,0,0,0,0,0,0,0,0,0,0,8137,0,0,0,0,0,0,0,0,161428,0,0,0,33327941,841181,0,0,0,0,0,77506,9781,0,0,0,377313,0,0,0,0,0,0,1045489,0,2016449,1592219,0,974426,0,0,394058,404064605,0,0,0
67621,"Bars & rods of iron/non-alloy steel, not further worked than hot-rolled, hot-drawn/hot-extruded, but including those twisted after rolling, of iron/non-alloy steel, containing indentations, ribs, grooves/other deformations produced during the rolling process/twisted after rolling",0,0,0,0,0,0,0,0,0,0,0,60716,0,0,0,0,0,0,0,0,0,0,0,0,0,0,0,0,0,0,359785,0,0,0,0,0,0,0,0,0,0,0,0,0,0,0,0,0,0,0,0,0,123587,0,0,0,0,0,0,0,0,0,0,0,0,0,0,0,0,0,0,0,0,0,0,0,0,0,0,0,0,353311,0,0,0,0,0,0,0,0,0,0,0,0,0,0,0,0,0,0,0,0,0,0,0,0,0,0,0,0,0,0,0,0,0,0,0,0,0,0,0,30707916,0,0,0,0,0,0,0,0,0,0,0,0,0,0,0,0,0,0,0,0,71248,0,834274,0,17506677,178,0,0,0,0,0,50017692,0,0,0
67629,"Bars & rods of iron/non-alloy steel, not further worked than hot-rolled, hot-drawn/hot-extruded, but including those twisted after rolling, of iron/other alloy & non-alloy steel, n.e.s.",0,0,0,0,0,0,872453,4596239,0,0,0,0,0,0,67607,0,0,0,0,0,0,0,0,0,0,0,128069,0,0,0,198463115,0,0,0,0,0,0,0,0,497,32748,0,0,0,0,0,0,0,283,2522469,0,0,5368197,0,0,0,0,0,0,0,0,0,0,11887,0,0,1880287,2726,445902,0,51756661,0,0,0,0,0,0,0,0,197873,0,0,0,0,0,213409,0,0,0,0,0,0,0,0,0,0,0,0,0,23887,0,0,0,0,0,0,0,0,0,0,0,0,0,0,0,3241,8942,0,0,0,0,394608,0,1358598,121140,8911551,16755,18,0,0,0,0,2740421,16626,0,0,0,72304,0,0,0,0,319,0,535259,0,0,3483123,0,3578860,0,0,506521,290408513,0,0,0
67633,"Bars & rods of iron/steel, not further worked than cold-formed/cold-finished, other, of iron/non-alloy steel",0,0,0,0,0,0,600,0,0,0,0,0,0,0,684016,0,0,0,0,0,0,0,0,0,0,0,765161,0,0,0,165890,0,0,0,0,0,0,0,0,0,0,0,0,0,0,0,0,0,0,372871,0,0,1695623,0,0,0,0,0,0,0,0,0,0,0,0,0,0,0,551250,0,344191,0,0,0,0,0,0,0,0,0,0,0,0,0,0,0,0,0,0,0,0,0,0,0,0,0,0,0,0,2077762,0,0,0,24441,0,0,0,0,0,0,0,0,0,0,0,982474,0,0,0,0,0,17211,0,0,0,1580144,74735,0,0,0,0,0,51174,2371,0,0,0,0,0,0,0,0,0,0,102676,0,0,729040,0,702074,0,0,0,11223440,0,0,0
67643,"Other bars & rods of iron & steel, of iron/non-alloy steel, not further worked than forged, hot-rolled, hot-drawn/hot extruded but including those twisted after rolling",0,0,0,0,0,0,0,0,0,0,0,0,0,0,0,0,0,0,0,0,0,0,0,0,0,0,0,0,0,0,1113089,0,0,0,0,0,0,0,0,0,0,0,0,0,0,0,0,0,0,0,0,0,0,0,0,0,0,0,0,0,0,0,0,0,0,0,0,0,10488,0,378054,0,0,0,0,0,0,0,0,0,0,0,0,0,0,0,0,0,0,0,0,0,0,0,0,0,0,0,0,0,0,0,0,0,0,0,0,0,0,0,0,0,0,0,0,0,0,0,0,0,0,172832,0,44011,0,80899,0,0,0,0,0,0,47711,0,0,0,0,0,0,0,0,0,267121,0,126190,0,307647,43211,0,15461,0,0,0,2920970,0,0,0
67644,"Other bars & rods of iron & steel, of other iron/other non-alloy steel",0,0,0,0,0,0,321630,153328,0,0,0,0,0,0,103989,0,0,0,0,0,0,0,0,0,0,0,33126,0,0,0,572030,0,0,0,0,0,0,0,0,0,0,0,0,0,0,0,0,0,0,171646,0,0,487108,0,0,0,0,0,0,0,0,0,0,0,0,0,0,0,184550,0,1510807,0,0,0,0,0,0,0,0,0,0,0,0,0,0,252672,0,0,0,0,0,0,0,0,0,0,0,0,0,18019,0,0,0,0,6322,0,0,0,0,0,0,0,0,0,0,338010,1859,0,0,0,0,40005,0,0,0,23565,0,0,0,0,0,0,9392,0,0,0,0,0,0,0,0,0,106,0,380042,0,0,328308,0,1186838,0,0,0,6150149,0,0,0
67681,"U, I, H, L/T sections, not further worked than hot-rolled, hot-drawn/extruded, of a height of < 80 mm, of iron/non-alloy steel",0,0,0,0,0,0,0,0,0,0,0,0,0,0,456,0,0,0,0,0,0,0,0,0,0,0,0,0,0,0,43450,0,0,0,0,0,0,0,0,0,0,0,0,0,0,0,0,0,0,1688,0,0,846,0,0,0,0,0,0,0,0,0,0,904039,0,0,0,0,11180,0,499,0,0,0,0,0,0,0,0,0,0,0,0,0,0,1001,0,0,0,0,0,0,0,0,0,0,0,0,0,0,0,0,0,0,0,0,0,0,0,0,0,0,0,0,0,0,0,0,0,0,0,0,0,0,0,4178,7877,0,0,0,0,0,0,0,0,0,0,0,0,0,0,0,0,0,153932,0,0,228,0,114334,0,0,0,1251892,0,0,0
67682,"U, I, H, L/T sections, not further worked than hot-rolled, hot-drawn/extruded, of a height of 80 mm/more, of iron/non-alloy steel",0,0,0,0,0,0,0,2637,0,0,57219,0,0,0,17057,0,0,0,0,0,0,0,18357,0,0,0,0,0,0,0,293965,0,0,0,0,0,0,0,0,0,0,0,0,0,0,0,0,0,0,0,0,0,310905,0,0,0,0,0,0,0,0,0,0,237822,0,0,0,0,240165,0,23001908,0,0,0,0,0,0,0,0,0,0,293463,0,0,0,0,0,0,0,0,0,0,0,0,0,0,0,0,0,0,0,0,0,0,0,0,0,0,0,0,0,0,34094,0,0,0,0,0,0,0,0,0,0,0,30688,186240,157078,0,0,0,0,0,0,0,0,0,0,3906,0,0,0,0,4033362,0,21483658,0,0,1476994,0,129009,0,0,0,52008527,0,0,0
67683,"Other angles, shapes & sections, not further worked than hot-rolled, hot-drawn/extruded,/iron/non-alloy steel",0,0,0,0,0,0,0,0,0,0,16359,0,0,0,0,0,0,0,0,0,3468,0,0,0,0,0,0,0,0,0,76300,0,0,0,0,0,0,0,0,0,0,0,0,0,0,0,0,0,0,0,0,0,47771,0,0,0,0,0,0,0,0,0,0,28061,0,0,0,6091,92685,0,1585,0,0,0,0,0,0,0,0,0,0,3564,0,0,0,0,0,0,0,0,0,0,0,0,0,0,0,0,0,0,0,0,0,0,548,0,0,0,0,0,0,0,0,0,0,0,0,0,0,0,0,0,0,0,0,397,0,0,0,0,0,0,0,0,0,0,0,0,0,0,0,0,89133,0,331948,0,0,7342,0,2366,0,0,0,708637,0,0,0
67684,"Angles, shapes & sections, not further worked than cold-formed/cold-finished, of iron/non-alloy steel",0,0,0,0,0,0,0,169,0,0,0,0,0,0,0,0,0,0,0,0,0,0,0,0,0,0,0,0,0,0,77749,0,0,0,0,0,0,0,0,0,17,0,0,0,0,0,0,0,0,754,0,0,122030,0,0,0,0,0,0,0,0,0,0,0,0,0,0,0,135312,0,0,0,0,0,0,0,0,0,0,0,0,0,0,0,0,0,0,0,0,0,0,0,0,0,0,0,0,0,0,3126,0,0,0,0,0,0,0,0,0,0,0,0,0,0,0,0,0,0,0,0,0,2847,0,0,36333,1776,77574,0,0,0,0,0,9211,32985,0,0,0,0,0,0,0,0,0,0,23013,0,1835684,84,0,10325,0,0,0,2368988,0,0,0
67685,"Other angles, shapes & sections, of iron/non-alloy steel",0,0,0,0,0,0,0,78,0,0,0,0,0,0,34495,0,0,0,0,0,0,0,0,0,0,0,0,0,0,0,205534,0,0,0,0,0,0,0,0,1231,13740,0,0,0,0,0,0,0,0,20147,0,0,569265,0,0,0,0,0,0,0,0,0,0,0,0,0,0,0,73691,0,0,0,0,0,0,0,0,0,0,0,0,0,0,0,0,0,0,0,0,0,0,0,0,0,0,0,0,0,0,17511,0,0,0,0,0,0,0,0,0,0,0,0,0,0,0,0,0,0,0,0,0,227275,0,0,0,0,21280,0,0,0,0,0,0,209,0,0,0,0,0,0,0,0,11337,0,113631,0,0,3755,0,99112,0,0,0,1451139,0,0,0
67686,"Sheet piling of iron/steel, whether/not drilled, punched/made from assembled elements; welded angles, shapes & sections, of iron/steel",0,0,0,0,0,0,31956,3507,0,0,0,0,0,0,116671,0,0,0,0,0,307,0,0,0,0,0,30703,0,0,0,3430868,0,0,0,0,0,0,0,0,1577,15514,0,0,0,0,0,0,0,0,5840,0,0,1393241,0,0,0,0,0,0,182,0,0,0,0,0,0,0,0,110907,0,44179,0,0,0,0,0,0,0,0,0,0,2377183,0,0,0,11053,0,0,0,0,2514,0,0,0,0,0,0,0,0,5167,0,0,0,0,0,0,0,0,0,0,0,0,6625,0,0,0,465,0,0,0,0,1185,0,0,0,239727,0,0,0,0,0,0,0,43512,0,0,0,244221,0,0,0,0,102,0,197034,0,0,352598,0,11035796,0,0,0,20009227,0,0,0
67701,"Rails (including check rails & rack-rails), of iron/steel",0,0,0,1703886,0,0,11174,4896958,0,0,0,18124,0,0,604173,0,0,0,0,0,0,0,0,0,0,0,0,0,0,0,2328978,0,0,0,0,0,0,0,0,0,1347,0,0,0,0,0,0,0,0,3031902,0,0,561730,0,0,0,0,0,0,0,0,0,0,0,0,0,0,0,93755,0,15890714,0,0,0,0,0,0,0,0,0,475540,238477,0,0,0,52200,0,0,0,0,0,0,0,0,0,0,0,0,0,36298,0,0,0,0,0,0,0,0,0,0,0,0,101398,0,0,220,0,0,0,0,0,17,0,0,14566,6077,2152,0,0,0,0,0,101906,8137,0,0,0,99167,0,0,0,0,0,0,0,0,0,32433,0,551034,0,0,0,30869070,0,0,0
67709,"Other railway/tramway track construction material of iron/steel (i.e., switch-blades, crossing frogs, point rods & other crossing pieces, sleepers (cross-ties), fish-plates, chairs, chair wedges, sole-plates (base plates), rail clips, bedplates, t",0,0,0,0,0,0,195979,2817441,0,0,0,0,0,0,452938,0,0,0,0,0,0,0,0,0,0,0,340,0,0,0,1236241,0,0,0,0,0,0,0,0,1312,8019,0,0,0,0,0,0,0,0,2088334,0,0,686206,0,0,0,0,0,0,1214,0,0,0,0,0,0,63,0,24482,0,1164,0,0,0,0,0,0,0,0,0,109169,55697,0,0,0,0,0,0,0,0,0,0,0,0,0,0,0,0,0,439530,0,0,0,0,0,0,0,0,0,0,0,0,0,0,0,0,0,0,0,0,0,2401,0,0,13308,240634,0,1374,0,50541,0,0,492,1133,0,0,0,251,0,0,0,0,50837,0,7507,0,0,529047,0,261392,0,0,0,9277044,0,0,0
67911,"Tubes, pipes & hollow profiles, of cast iron",0,0,0,0,0,0,3727,3337,0,0,0,0,0,0,94872,0,0,0,0,0,1449,0,0,0,0,0,0,0,0,0,164879,0,0,0,0,0,0,0,0,0,0,0,0,0,0,0,0,0,0,176557,0,0,367649,0,0,0,0,3157,0,0,0,0,0,0,0,0,0,0,135939,0,933,0,0,0,0,0,0,0,0,0,0,0,0,0,0,0,0,0,0,0,0,0,0,0,0,0,0,0,0,9884,0,0,0,0,0,50442,0,0,0,0,0,0,0,0,1557462,0,32,0,0,0,0,0,0,0,7,105130,0,0,0,0,0,0,1927,4685,0,0,0,0,0,0,0,0,110,0,84457,0,344303,1743,0,932879,0,0,0,4087944,0,0,0
67912,"Line pipe of a kind used for oil/gas pipelines, of iron (other than cast iron)/steel",0,0,0,0,1053550,0,82544,74062,0,0,0,0,0,0,1114863,0,0,0,0,0,2563,0,0,0,0,0,14085,0,0,54825,134569679,0,0,0,0,0,0,0,0,225580,73744,0,0,0,0,0,0,0,34404,2179278,0,0,3186390,0,0,0,0,0,0,33615,0,0,0,3729394,0,0,73486,10955,3440465,0,7125196,0,0,0,202991,0,0,0,0,0,0,0,0,0,0,47271,0,0,0,0,0,0,0,0,0,0,0,0,0,1124837,0,0,0,0,48325,34499,0,0,0,0,0,800,1400,0,4008,2548430,125759,0,105505,0,0,807884,23183,0,0,3302880,3322058,0,0,0,0,0,1039926,1182,0,0,0,342578,0,0,0,0,5677,0,346060,0,362042,638233,0,13559095,0,0,2616,185215475,0,0,0
67913,"Casing, tubing & drill pipe of a kind used in drilling for oil/gas, of iron (other than cast iron)/steel",0,0,0,0,0,0,0,5573188,0,0,0,0,0,0,269830,0,0,0,0,0,1298837,0,0,0,0,0,7723,0,0,0,123332567,0,0,0,0,0,0,0,0,0,202007,0,0,0,0,0,0,0,4935,2155282,0,0,1678226,0,0,0,0,0,0,0,0,0,0,1746600,0,0,257,60320,5290186,0,40263790,0,0,0,74016,0,0,0,0,0,0,0,0,0,0,141661,0,0,0,0,7557,0,0,0,0,0,0,0,0,0,0,0,0,0,0,113495,0,0,0,0,0,0,0,0,0,34608,60476,0,0,0,0,4875218,0,0,8543,126235,57804,0,0,0,0,0,189428,5022,0,0,0,10689,0,0,0,0,0,0,1611801,0,0,2449800,0,3957342,0,0,0,195626866,0,0,0
67914,"Other tubes, pipes & hollow profiles, of circular cross-section, of iron (other than cast iron)/non-alloy steel",0,0,0,37277,165135,0,1966,161549,0,0,0,0,0,0,84943,0,0,0,0,0,3120,0,0,0,0,0,20,0,0,0,67193727,0,0,0,0,0,0,0,0,329857,405,0,0,0,0,0,0,0,8803,1046374,0,0,3450186,0,0,0,0,0,0,0,0,0,0,0,0,0,0,15784,2663073,0,2683252,0,0,0,0,0,0,0,0,0,0,0,0,0,0,19722,0,0,0,0,176855,0,0,0,0,0,0,0,0,8647,0,0,0,0,0,0,0,0,0,0,0,0,21,0,0,1279790,0,0,0,0,0,1553,0,215795,0,588506,38182,0,0,0,0,0,243491,14828,0,0,0,72478,0,0,0,0,0,0,96797,0,0,1089412,0,187608,0,0,0,81883805,0,0,0
67951,"Cast fittings of non-malleable cast iron",0,0,0,0,0,0,0,5025,0,0,0,0,0,0,164344,0,0,0,0,0,144,0,0,0,0,0,56,0,0,0,850546,0,0,0,0,0,0,0,0,0,80414,0,0,0,0,0,0,0,702,31105,0,0,198737,0,0,0,0,0,0,0,0,0,0,0,0,0,0,0,366198,0,1441005,0,0,0,0,0,0,0,0,0,0,0,0,0,0,1001,0,0,0,0,322,0,0,0,0,0,0,0,0,1247,0,0,0,0,2974,0,0,0,0,0,0,0,0,0,0,0,0,0,0,0,0,73606,0,97,7736,3978,1094,0,0,0,0,0,3724,6390,0,0,0,0,0,0,0,0,0,0,339032,0,0,120438,0,471047,0,0,0,4171122,0,0,0
67959,"Tube & pipe fittings of iron/steel, n.e.s.",0,0,0,0,196576,0,363248,390771,0,0,0,0,0,0,923830,0,0,0,0,0,405236,0,0,0,0,0,263756,0,0,2018,51644184,0,0,0,0,0,52,0,0,586152,452203,0,0,0,0,0,2471,0,332281,4307076,0,0,16050025,0,3131,0,0,0,0,12860,13579,0,0,1730835,38,0,63118,244537,26836230,0,7311053,0,0,0,763,0,0,0,72,0,4476,5608,0,0,0,372329,0,0,0,0,74009,0,0,0,5291,0,0,67,17729,2142978,34237,0,0,0,120336,2238,0,0,0,0,0,1615,283459,0,2645,7913,10165,0,81770,0,0,3675104,9893,35177,7076,51035183,2099466,8875,0,0,0,8665,1251583,1070106,0,0,0,5091856,0,0,0,0,38792,0,2751165,0,0,5621741,3436,15379743,0,0,24675,204437249,0,0,0
69211,"Reservoirs, tanks, vats & similar containers, for any material (other than compressed/liquefied gas), of iron/steel",0,0,0,0,0,0,143920,22846,0,0,0,0,0,0,2985797,0,0,0,0,0,408,0,0,0,0,0,24224,0,0,0,3972598,0,0,0,0,0,0,0,0,92629,15,0,0,0,0,0,143,0,3768,143115,0,0,812393,1082,13001,0,0,22328,0,248,0,0,0,670432,127173,0,5769,4307,4544176,0,1304364,0,0,0,0,0,0,0,0,0,0,0,0,0,0,67809,0,0,0,0,0,0,0,0,0,0,0,0,0,526378,0,0,0,0,55531,762555,0,0,0,0,0,236359,69734,0,0,0,208859,0,218715,0,0,261840,0,0,202673,404319,230620,6925,0,0,0,0,38076,1278,0,0,0,487552,0,0,0,0,204957,0,711350,0,0,382833,0,2329931,0,0,0,23472682,0,0,0
69241,"Tanks, casks, drums, cans, boxes & similar containers, for any material (other than compressed/liquefied gas), of iron/steel, of a capacity not > 300 litres, whether/not lined/heat-insulated, but not fitted with mechanical/thermal",0,0,0,0,0,0,187867,118918,0,0,0,13,0,0,93216,0,0,0,0,0,0,0,0,0,0,0,43861,0,0,7,17969778,0,0,0,0,0,0,0,0,67581,233847,0,0,0,0,0,0,0,26765,2196012,0,0,2818715,0,35,0,0,0,0,512552,0,0,0,520797,0,0,15262,240713,1458326,0,2837630,3405,0,0,0,0,0,0,0,0,0,14767,0,0,0,1165206,0,0,0,0,290,0,0,0,0,5144,0,0,549,102371,0,0,0,0,26600,793,324,0,0,0,0,2480934,157156,0,259,0,4622091,0,14383,0,0,1854465,415,27792,131211,2909062,595184,65489,0,0,0,0,38199,691845,0,0,0,2605426,0,0,0,0,101821,0,1842966,0,0,1318714,0,3813695,0,0,0,54687851,0,0,0
69243,"Containers of iron/steel for compressed/liquefied gas",0,0,0,9772,0,0,14957,393684,0,0,0,0,0,0,101886,0,0,0,0,0,0,0,9293,0,0,0,7042,0,0,0,10997639,0,0,0,0,0,0,0,0,281220,9424,0,0,0,0,0,0,0,1790,9668177,0,0,3051637,0,0,0,0,0,0,25167,726,0,0,38435,0,0,0,0,1821364,0,99838,0,0,201202,0,0,0,0,0,0,0,0,0,0,0,115151,0,0,0,0,4075,0,0,0,0,0,0,0,34761,25356,0,0,0,0,2373,1050866,0,0,0,0,0,299346,0,0,8291811,0,6357,0,0,0,0,1276929,0,0,0,30931,1542413,238700,0,0,0,0,0,0,0,2045,0,52909,0,0,0,0,115267,0,465100,0,2516,537485,0,4113093,0,0,0,45281501,0,0,0
69311,"Stranded wire, ropes, cables, plaited bands, slings & the like, of iron/steel, not electrically insulated",0,0,0,0,0,0,139448,1416787,0,0,61,153,0,0,133251,0,0,0,0,0,0,0,0,0,0,0,121492,0,0,0,96311023,0,0,0,0,0,0,0,0,179432,66226,0,0,0,0,0,104863,0,45241,2150354,0,0,6078021,0,2034,0,0,0,0,28781,672,0,0,6802357,0,0,31100,4076,3049087,0,1137503,0,81,0,0,0,0,0,0,0,0,113,0,0,0,20570453,0,0,0,0,14541,0,0,0,0,0,0,0,0,328902,287,0,0,0,145221,12346,0,0,0,0,0,0,5136,147794,0,2065002,25898,0,0,0,0,3068171,920842,0,140442,3959634,735365,0,0,0,0,0,151614,1070923,0,0,0,4774094,0,0,0,0,184376,0,239721,0,4788,5974532,0,2303881,0,0,91340,165006278,0,0,0
69731,"Domestic cooking appliances (e.g., kitchen stoves, ranges, cookers, barbecues, braziers, gas rings) & plate warmers, non-electric, of iron/steel",0,0,0,0,0,0,808,0,0,0,0,0,0,0,4638,0,0,0,0,0,0,0,0,0,0,0,108,0,0,0,17615129,0,0,0,0,0,0,0,0,0,0,0,0,0,0,0,0,0,0,97163,0,0,695302,0,0,0,0,0,0,1542381,0,0,0,66900,0,0,208,0,1270658,0,384,0,0,138,0,0,0,0,0,0,0,0,0,0,0,41116,0,0,0,0,69075,0,0,0,0,0,0,0,163,0,6433,0,0,0,0,0,0,0,0,0,0,0,1422,363067,0,0,0,0,0,0,0,13371,0,49480,0,10712,19163,0,0,0,0,0,0,0,0,0,0,3465,0,0,0,0,186401,0,97722,0,0,12609,0,351421,0,0,0,22533254,0,0,0
69732,"Domestic stoves (other than cooking appliances), grates & similar non-electric space heaters (including those with subsidiary boilers for central heating), of iron/steel",0,0,0,0,0,0,31605,0,0,0,0,0,0,0,0,0,0,0,0,0,0,0,0,0,0,0,6514,0,0,0,490737,0,0,0,0,0,0,0,0,0,509,0,0,0,0,0,0,0,0,56660,0,0,479,0,0,0,0,0,0,1043,0,0,0,1100,0,0,0,0,181059,0,1304,0,0,0,0,0,0,2245,10418,0,0,0,0,0,0,8518,0,0,0,0,1992,0,0,0,0,0,0,0,0,0,0,0,0,0,0,0,0,0,0,0,0,0,1717,0,0,0,0,0,164,0,0,381,0,0,0,3799,2696,0,0,0,0,0,0,3317,0,0,0,0,0,0,0,0,1717,0,24847,0,0,52492,0,181549,0,0,0,1066932,0,0,0
69733,"Parts, of iron/steel, of the appliances of headings 697.31 & 697.32",0,0,0,0,0,0,2300,0,0,0,0,0,0,0,12108,0,0,0,0,0,0,0,0,0,0,0,6678,0,0,0,2895618,0,0,0,0,0,0,0,0,338,0,0,0,0,0,0,0,0,0,4415,0,0,353359,0,0,0,0,0,0,8226,0,0,0,1026,0,0,0,0,1984886,0,2495,0,0,0,0,0,0,0,0,0,0,0,0,0,0,422,0,0,0,0,196,0,0,0,0,0,0,0,0,8244,0,0,0,0,1382,0,0,816,0,0,0,0,725,63595,0,0,0,0,0,0,0,1004,0,1006,0,11479,7002,0,0,0,0,0,0,1404,0,0,0,36673,0,0,0,0,4259,0,0,0,0,52,0,35111,0,0,0,5472694,0,0,0
69741,"Household articles & parts thereof, n.e.s., of iron/steel",0,0,0,0,0,0,4070,294,0,0,24,0,0,0,21325,0,0,0,0,0,20143,0,0,0,0,0,2950,0,0,66,28361830,0,0,0,0,0,0,0,0,10088,7329,0,0,0,0,0,0,62,0,616732,0,0,738219,0,0,0,0,0,0,389804,7252,0,0,83137,0,0,33,54,1913233,0,22100,0,0,72,0,0,0,3197,0,0,0,31,0,0,0,163086,0,0,0,0,23,0,0,0,187,0,0,0,28498,26289,0,0,0,0,0,251,628,0,0,0,0,2488,15957,27855,836,11537,3033,0,94,0,0,251613,0,27670,7794,131235,55406,173,0,0,0,0,31698,1510760,0,0,0,170126,0,0,0,0,128333,0,616527,0,238,327718,0,697137,0,0,80227,36625139,0,0,0
69744,"Iron/steel wool; pot scourers & scouring/polishing pads, gloves & the like, of iron/steel",0,0,0,0,0,0,0,0,0,0,0,0,0,0,0,0,0,0,0,0,0,0,0,0,0,0,0,0,0,0,8302977,0,0,0,0,0,0,0,0,0,0,0,0,0,0,0,0,0,35,12737,0,0,95400,0,0,0,0,0,0,141,0,0,0,0,0,0,0,0,19798,0,6069,0,0,0,0,0,0,0,6513,0,0,0,0,0,0,9275,0,0,0,0,0,0,0,0,0,0,0,0,2568,2744,0,0,0,0,0,0,0,0,0,0,0,0,0,0,0,0,0,0,0,0,0,0,0,0,0,57386,3158,88,0,0,0,0,0,1449,0,0,0,16075,0,0,0,0,0,0,1680,0,0,3448,0,12875,0,0,0,8554415,0,0,0
69751,"Sanitary ware & parts thereof, n.e.s., of iron/steel",0,0,0,0,0,0,4008,82,0,0,0,0,0,0,15095,0,0,0,0,0,0,0,0,0,0,0,56,0,0,0,11605245,0,0,0,0,0,0,0,0,16,19567,0,0,8494,0,0,0,0,57502,88101,0,0,2002550,0,0,0,0,0,0,98368,0,0,0,285347,0,0,0,0,1631083,0,15185,0,0,0,0,0,0,0,0,0,0,0,0,0,0,47083,0,0,0,0,0,0,0,0,0,0,0,0,0,128533,1100,0,0,0,68366,0,6,0,0,0,0,0,40982,42263,0,0,0,0,0,0,0,55748,0,34814,0,1563055,356317,0,0,0,0,0,628,26218,0,0,0,202908,0,0,0,0,128085,0,182529,0,0,75653,0,300861,0,0,10899,19559337,0,0,0
69931,"Sewing needles, knitting-needles, bodkins, crochet hooks, embroidery stilettos & similar articles, for use in the hand, of iron/steel",0,0,0,0,0,381,6140,62846,0,0,0,0,0,851,61715,0,0,0,0,0,8556,0,0,0,2839,0,36632,0,0,0,2485186,0,0,0,60,0,0,0,0,4263,72578,0,0,0,0,0,391,0,11994,298404,0,0,2253782,0,0,0,0,0,0,138725,17,0,0,21491,0,0,5547,18316,524471,0,5757430,0,0,0,0,0,0,0,0,0,0,14,0,0,0,47972,0,11,0,0,10065,0,0,0,0,0,0,25,0,38407,784,0,0,0,1158,38,214,0,0,0,0,336,37693,58639,4,842,8244,0,0,0,0,250020,0,0,143,1444903,19119,9173,0,0,0,0,70121,208592,0,0,0,107396,0,0,0,7723,14025,0,63448,0,331,339216,0,2270663,0,0,99949,17169322,0,0,0
69932,"Safety pins & other pins, of iron/steel, n.e.s.",0,0,0,0,0,0,3733,0,0,0,0,0,0,0,266,0,0,0,0,0,5719,0,0,0,566,0,2440,0,0,0,588247,0,0,0,0,0,0,0,0,6920,10591,0,0,0,0,0,0,0,2410,35706,0,0,100933,0,0,0,0,0,0,35145,440,0,0,592,0,0,0,932,27826,0,559750,0,0,0,0,0,0,0,0,0,0,13242,0,0,0,166,0,0,0,0,4538,0,0,0,0,0,0,0,0,2249,0,0,0,0,277,0,0,0,0,0,0,832,0,33559,0,0,0,0,0,0,0,102179,0,0,0,362952,1385,0,0,0,0,0,2524,15147,0,0,0,178136,0,0,0,0,5852,0,148,0,0,45338,0,50603,0,0,0,2207886,0,0,0
69961,"Anchors, grapnels & parts thereof, of iron/steel",0,0,0,0,0,0,105584,2997,0,0,0,0,0,0,9183,0,0,0,0,0,0,0,0,0,0,0,4896,0,0,0,1357283,0,0,0,0,0,0,0,0,700,1096,0,0,0,0,0,0,0,0,175084,0,0,145753,0,0,0,0,0,0,116,0,0,0,0,0,0,0,0,55030,0,30038,0,0,0,0,0,0,0,0,0,0,96392,0,0,0,0,0,0,0,0,0,0,0,0,0,0,0,0,0,284787,5321,0,0,0,2485,0,0,0,0,0,0,0,0,0,0,0,0,0,0,0,0,119073,0,0,0,22304,1883,2294,0,0,0,0,159489,297,0,0,0,888,0,0,0,0,0,0,69734,0,0,524974,0,462656,0,0,0,3737413,0,0,0
69962,"Cast articles of non-malleable cast iron, n.e.s.",0,0,0,0,0,0,0,1377,0,0,0,0,0,0,153506,0,0,0,0,0,0,0,0,0,0,0,13294,0,0,0,281475,0,0,0,0,0,0,0,0,20700,716,0,0,0,0,0,0,0,0,3578,0,0,81958,0,0,0,0,0,0,0,0,0,0,0,0,0,0,0,535103,0,780957,0,0,0,0,0,0,0,0,0,0,0,0,0,0,0,0,0,0,0,0,0,0,0,0,0,0,0,0,3495,0,0,0,0,368,94,0,0,0,0,0,0,0,0,0,0,0,0,0,0,0,3662,0,0,0,83,121747,0,0,0,0,0,226,1400,0,0,0,360,0,0,0,0,0,0,0,0,0,294783,0,59310,0,0,0,2358765,0,0,0
69963,"Cast articles of other iron/steel, n.e.s.",0,0,0,0,0,0,137220,220103,0,0,0,0,0,0,884839,0,0,0,0,0,107776,0,909,0,0,0,125277,0,0,13186,15048997,0,0,0,0,0,0,0,0,181888,1002500,0,0,0,0,0,0,0,126108,661716,0,0,5945886,1965,1879,0,0,0,0,107814,61561,0,0,735839,19017,0,39274,101143,4831967,0,12253651,0,0,0,327,0,0,42022,0,0,0,136596,0,0,0,112180,0,150,0,1421,97830,0,0,0,0,0,0,0,0,648930,975753,0,0,0,137352,245396,1111,0,0,0,0,18745,57595,22514,299,299,0,0,138,0,0,618393,26923,0,4336,8753557,4301604,107,0,0,0,0,244107,216337,0,621,0,2612788,0,0,0,0,175706,0,252556,0,720,862136,0,6630527,0,0,8357,71398674,0,0,0
69965,"Articles of iron/steel, forged/stamped, but not further worked, n.e.s.",0,0,0,0,0,0,119671,331239,0,0,0,0,0,0,1265062,0,0,0,0,0,347193,0,0,0,0,0,54799,0,0,1980,23233913,0,0,0,0,0,0,0,0,54445,23234,0,3228,20,0,0,0,0,61899,4837470,0,0,5403109,0,0,0,0,0,0,3784,48261,0,0,204042,0,0,1916,50308,5484065,0,4175209,0,0,0,0,0,0,0,0,0,0,414,0,0,0,31240,0,0,0,0,301308,0,0,0,848,0,0,0,0,380734,0,0,0,0,14005,250,2350,0,0,0,0,479,19930,2736,0,192954,0,0,0,0,0,247761,6948,30235,37816,18935373,650324,76,0,0,0,3974,362948,969374,0,0,0,10496385,0,0,0,0,3045360,0,67977,0,214,4001706,0,13374834,0,0,0,99098059,0,0,0
69967,"Articles of iron/steel wire, n.e.s.",0,0,0,0,57656,0,31105,111586,0,0,0,47,0,0,132371,0,0,0,0,0,161695,0,91,0,0,0,121370,0,0,0,14575067,178,0,0,0,0,0,0,0,129500,315454,0,0,0,0,0,65210,0,133577,3598522,0,0,5961361,0,4571,0,0,0,0,439264,39414,0,0,1142857,0,0,69007,76076,1171904,0,1368093,0,0,0,0,0,0,0,0,0,0,357,0,0,0,2554126,0,0,0,0,23959,0,0,0,908,0,0,0,0,246996,131699,0,0,0,6313,0,516,0,0,0,0,46224,42234,0,24,25974,0,0,314,0,85,981559,12879,5341,10026,571060,188414,174293,0,0,0,1627,320566,600888,0,0,0,109617,0,0,0,0,41509,0,19045,0,0,1896591,0,4041761,0,0,0,41984621,0,0,0
69969,"Articles of iron/steel, n.e.s.",0,0,0,0,836376,16996,618082,1537554,0,0,1370,1775623,0,368,2006270,0,466,0,0,0,3331967,0,4988,0,0,0,1466462,0,0,90,99641615,0,0,0,9398,0,752,0,0,877999,1589883,0,0,2761876,0,0,103250,0,1075079,36629705,0,849,43695869,0,18649,7904,0,0,0,1062959,502172,0,0,8598716,1268,0,291975,466277,27061165,0,73113589,0,0,1480,570,0,0,26340,0,1383,4070,36153,0,0,0,7990450,0,0,0,1181,500466,0,0,0,7035,0,24,0,0,2845354,6044,0,0,0,2456696,1635323,243575,0,0,0,2048,874749,703391,221646,163,1913137,634095,0,21601,0,922067,23214791,67573,44072,175591,20243100,3724147,85909,0,0,0,42079,7336444,3691184,0,1190,0,32570933,0,0,0,1266,4746794,0,6116492,48,21951,11476924,0,29366662,0,0,16472331,492906670,0,0,0
73731,"Soldering irons & guns",0,0,0,0,0,0,0,1194,0,0,0,0,0,0,0,0,0,0,0,0,0,0,0,0,0,0,0,0,0,0,91943,0,0,0,0,0,0,0,0,0,0,0,0,0,0,0,0,0,0,3242,0,0,135613,0,0,0,0,0,0,21211,0,0,0,0,0,0,0,0,0,0,151109,0,0,0,0,0,0,0,0,0,0,0,0,0,0,33176,0,0,0,0,380,0,0,0,0,0,0,0,0,7676,0,0,0,0,0,0,0,0,0,0,0,0,0,0,0,0,0,0,0,0,0,1014,0,0,0,27697,1592,0,0,0,0,0,0,7702,0,0,0,0,0,0,0,0,0,0,0,0,0,66028,0,17360,0,0,0,570603,0,0,0
77584,"Electric smoothing-irons",0,0,0,0,0,0,0,0,0,0,0,0,0,0,0,0,0,0,0,0,0,0,0,0,0,0,0,0,0,0,3551314,0,0,0,0,0,0,0,0,0,5239,0,0,0,0,0,0,0,0,418,0,0,13935,0,0,0,0,0,0,480,0,0,0,180431,0,0,0,0,0,0,0,0,0,60,0,0,0,0,0,0,0,0,0,0,0,135,0,0,0,0,78,0,0,0,0,0,0,0,0,0,0,0,0,0,78,0,0,0,0,0,0,0,0,0,0,0,0,0,0,0,0,5942,0,0,0,30047,1134,0,0,0,0,0,0,3765,0,0,0,0,0,0,0,0,0,0,4002,0,0,16525,0,1643,0,0,0,3815283,0,0,0
